{"cameraMode":{"drawMode":0,"name":"Shaded","section":"Shading Mode"},"sceneLighting":true,"audioPlay":false,"sceneViewState":{"m_AlwaysRefresh":false,"showFog":true,"showSkybox":true,"showFlares":true,"showImageEffects":true,"showParticleSystems":true,"showVisualEffectGraphs":true,"m_FxEnabled":true},"in2DMode":false,"pivot":{"x":1.8572176694869996,"y":15.93968391418457,"z":-23.890254974365236},"rotation":{"x":0.2525347173213959,"y":-0.001455020857974887,"z":0.00038490575389005244,"w":0.9675503373146057},"size":2.6297876834869386,"orthographic":false}